Estructura,Metodo,Tamano,Iteracion,Tiempo_Microsegundos
SinglyLinkedList,pushFront,10,1,1001,400
SinglyLinkedList,topFront,10,1,0,000
SinglyLinkedList,topBack,10,1,0,000
SinglyLinkedList,getSize,10,1,0,000
SinglyLinkedList,isEmpty,10,1,0,000
SinglyLinkedList,pushBack,10,1,0,000
SinglyLinkedList,addAfter,10,1,0,000
SinglyLinkedList,addBefore,10,1,0,000
SinglyLinkedList,find,10,1,1003,700
SinglyLinkedList,erase,10,1,0,000
SinglyLinkedList,popFront,10,1,0,000
SinglyLinkedList,popBack,10,1,0,000
SinglyLinkedListWithTail,pushFront,10,1,0,000
SinglyLinkedListWithTail,topFront,10,1,0,000
SinglyLinkedListWithTail,topBack,10,1,0,000
SinglyLinkedListWithTail,getSize,10,1,0,000
SinglyLinkedListWithTail,isEmpty,10,1,0,000
SinglyLinkedListWithTail,pushBack,10,1,0,000
SinglyLinkedListWithTail,addAfter,10,1,0,000
SinglyLinkedListWithTail,addBefore,10,1,0,000
SinglyLinkedListWithTail,find,10,1,0,000
SinglyLinkedListWithTail,erase,10,1,0,000
SinglyLinkedListWithTail,popFront,10,1,0,000
SinglyLinkedListWithTail,popBack,10,1,0,000
DoublyLinkedList,pushFront,10,1,0,000
DoublyLinkedList,topFront,10,1,0,000
DoublyLinkedList,topBack,10,1,0,000
DoublyLinkedList,getSize,10,1,0,000
DoublyLinkedList,isEmpty,10,1,0,000
DoublyLinkedList,pushBack,10,1,0,000
DoublyLinkedList,addAfter,10,1,0,000
DoublyLinkedList,addBefore,10,1,0,000
DoublyLinkedList,find,10,1,0,000
DoublyLinkedList,erase,10,1,0,000
DoublyLinkedList,popFront,10,1,0,000
DoublyLinkedList,popBack,10,1,0,000
DoublyLinkedListWithTail,pushFront,10,1,0,000
DoublyLinkedListWithTail,topFront,10,1,0,000
DoublyLinkedListWithTail,topBack,10,1,0,000
DoublyLinkedListWithTail,getSize,10,1,0,000
DoublyLinkedListWithTail,isEmpty,10,1,0,000
DoublyLinkedListWithTail,pushBack,10,1,0,000
DoublyLinkedListWithTail,addAfter,10,1,0,000
DoublyLinkedListWithTail,addBefore,10,1,0,000
DoublyLinkedListWithTail,find,10,1,0,000
DoublyLinkedListWithTail,erase,10,1,0,000
DoublyLinkedListWithTail,popFront,10,1,0,000
DoublyLinkedListWithTail,popBack,10,1,0,000
ArrayStack,push,10,1,0,000
ArrayStack,peek,10,1,0,000
ArrayStack,size,10,1,0,000
ArrayStack,isEmpty,10,1,0,000
ArrayStack,delete,10,1,0,000
ArrayStack,pop,10,1,0,000
DynamicArrayQueue,enqueue,10,1,0,000
DynamicArrayQueue,front,10,1,0,000
DynamicArrayQueue,size,10,1,0,000
DynamicArrayQueue,isEmpty,10,1,0,000
DynamicArrayQueue,delete,10,1,0,000
DynamicArrayQueue,dequeue,10,1,0,000
SinglyLinkedList,pushFront,10,2,0,000
SinglyLinkedList,topFront,10,2,0,000
SinglyLinkedList,topBack,10,2,0,000
SinglyLinkedList,getSize,10,2,0,000
SinglyLinkedList,isEmpty,10,2,0,000
SinglyLinkedList,pushBack,10,2,0,000
SinglyLinkedList,addAfter,10,2,0,000
SinglyLinkedList,addBefore,10,2,0,000
SinglyLinkedList,find,10,2,0,000
SinglyLinkedList,erase,10,2,0,000
SinglyLinkedList,popFront,10,2,0,000
SinglyLinkedList,popBack,10,2,0,000
SinglyLinkedListWithTail,pushFront,10,2,0,000
SinglyLinkedListWithTail,topFront,10,2,0,000
SinglyLinkedListWithTail,topBack,10,2,0,000
SinglyLinkedListWithTail,getSize,10,2,0,000
SinglyLinkedListWithTail,isEmpty,10,2,0,000
SinglyLinkedListWithTail,pushBack,10,2,0,000
SinglyLinkedListWithTail,addAfter,10,2,0,000
SinglyLinkedListWithTail,addBefore,10,2,0,000
SinglyLinkedListWithTail,find,10,2,995,200
SinglyLinkedListWithTail,erase,10,2,0,000
SinglyLinkedListWithTail,popFront,10,2,0,000
SinglyLinkedListWithTail,popBack,10,2,0,000
DoublyLinkedList,pushFront,10,2,0,000
DoublyLinkedList,topFront,10,2,0,000
DoublyLinkedList,topBack,10,2,0,000
DoublyLinkedList,getSize,10,2,0,000
DoublyLinkedList,isEmpty,10,2,0,000
DoublyLinkedList,pushBack,10,2,0,000
DoublyLinkedList,addAfter,10,2,0,000
DoublyLinkedList,addBefore,10,2,0,000
DoublyLinkedList,find,10,2,0,000
DoublyLinkedList,erase,10,2,0,000
DoublyLinkedList,popFront,10,2,0,000
DoublyLinkedList,popBack,10,2,0,000
DoublyLinkedListWithTail,pushFront,10,2,0,000
DoublyLinkedListWithTail,topFront,10,2,0,000
DoublyLinkedListWithTail,topBack,10,2,0,000
DoublyLinkedListWithTail,getSize,10,2,0,000
DoublyLinkedListWithTail,isEmpty,10,2,0,000
DoublyLinkedListWithTail,pushBack,10,2,0,000
DoublyLinkedListWithTail,addAfter,10,2,0,000
DoublyLinkedListWithTail,addBefore,10,2,0,000
DoublyLinkedListWithTail,find,10,2,0,000
DoublyLinkedListWithTail,erase,10,2,0,000
DoublyLinkedListWithTail,popFront,10,2,0,000
DoublyLinkedListWithTail,popBack,10,2,0,000
ArrayStack,push,10,2,0,000
ArrayStack,peek,10,2,0,000
ArrayStack,size,10,2,0,000
ArrayStack,isEmpty,10,2,0,000
ArrayStack,delete,10,2,0,000
ArrayStack,pop,10,2,0,000
DynamicArrayQueue,enqueue,10,2,0,000
DynamicArrayQueue,front,10,2,0,000
DynamicArrayQueue,size,10,2,0,000
DynamicArrayQueue,isEmpty,10,2,0,000
DynamicArrayQueue,delete,10,2,0,000
DynamicArrayQueue,dequeue,10,2,0,000
SinglyLinkedList,pushFront,10,3,0,000
SinglyLinkedList,topFront,10,3,0,000
SinglyLinkedList,topBack,10,3,0,000
SinglyLinkedList,getSize,10,3,0,000
SinglyLinkedList,isEmpty,10,3,0,000
SinglyLinkedList,pushBack,10,3,994,700
SinglyLinkedList,addAfter,10,3,0,000
SinglyLinkedList,addBefore,10,3,0,000
SinglyLinkedList,find,10,3,1001,900
SinglyLinkedList,erase,10,3,0,000
SinglyLinkedList,popFront,10,3,0,000
SinglyLinkedList,popBack,10,3,0,000
SinglyLinkedListWithTail,pushFront,10,3,0,000
SinglyLinkedListWithTail,topFront,10,3,0,000
SinglyLinkedListWithTail,topBack,10,3,0,000
SinglyLinkedListWithTail,getSize,10,3,0,000
SinglyLinkedListWithTail,isEmpty,10,3,0,000
SinglyLinkedListWithTail,pushBack,10,3,0,000
SinglyLinkedListWithTail,addAfter,10,3,0,000
SinglyLinkedListWithTail,addBefore,10,3,998,500
SinglyLinkedListWithTail,find,10,3,0,000
SinglyLinkedListWithTail,erase,10,3,0,000
SinglyLinkedListWithTail,popFront,10,3,0,000
SinglyLinkedListWithTail,popBack,10,3,0,000
DoublyLinkedList,pushFront,10,3,0,000
DoublyLinkedList,topFront,10,3,0,000
DoublyLinkedList,topBack,10,3,0,000
DoublyLinkedList,getSize,10,3,0,000
DoublyLinkedList,isEmpty,10,3,0,000
DoublyLinkedList,pushBack,10,3,0,000
DoublyLinkedList,addAfter,10,3,0,000
DoublyLinkedList,addBefore,10,3,0,000
DoublyLinkedList,find,10,3,0,000
DoublyLinkedList,erase,10,3,0,000
DoublyLinkedList,popFront,10,3,0,000
DoublyLinkedList,popBack,10,3,0,000
DoublyLinkedListWithTail,pushFront,10,3,0,000
DoublyLinkedListWithTail,topFront,10,3,0,000
DoublyLinkedListWithTail,topBack,10,3,0,000
DoublyLinkedListWithTail,getSize,10,3,0,000
DoublyLinkedListWithTail,isEmpty,10,3,0,000
DoublyLinkedListWithTail,pushBack,10,3,0,000
DoublyLinkedListWithTail,addAfter,10,3,0,000
DoublyLinkedListWithTail,addBefore,10,3,0,000
DoublyLinkedListWithTail,find,10,3,0,000
DoublyLinkedListWithTail,erase,10,3,0,000
DoublyLinkedListWithTail,popFront,10,3,0,000
DoublyLinkedListWithTail,popBack,10,3,0,000
ArrayStack,push,10,3,0,000
ArrayStack,peek,10,3,0,000
ArrayStack,size,10,3,0,000
ArrayStack,isEmpty,10,3,0,000
ArrayStack,delete,10,3,0,000
ArrayStack,pop,10,3,0,000
DynamicArrayQueue,enqueue,10,3,0,000
DynamicArrayQueue,front,10,3,0,000
DynamicArrayQueue,size,10,3,0,000
DynamicArrayQueue,isEmpty,10,3,0,000
DynamicArrayQueue,delete,10,3,0,000
DynamicArrayQueue,dequeue,10,3,0,000
SinglyLinkedList,pushFront,10,4,0,000
SinglyLinkedList,topFront,10,4,0,000
SinglyLinkedList,topBack,10,4,0,000
SinglyLinkedList,getSize,10,4,0,000
SinglyLinkedList,isEmpty,10,4,0,000
SinglyLinkedList,pushBack,10,4,0,000
SinglyLinkedList,addAfter,10,4,0,000
SinglyLinkedList,addBefore,10,4,0,000
SinglyLinkedList,find,10,4,0,000
SinglyLinkedList,erase,10,4,0,000
SinglyLinkedList,popFront,10,4,0,000
SinglyLinkedList,popBack,10,4,0,000
SinglyLinkedListWithTail,pushFront,10,4,0,000
SinglyLinkedListWithTail,topFront,10,4,0,000
SinglyLinkedListWithTail,topBack,10,4,0,000
SinglyLinkedListWithTail,getSize,10,4,0,000
SinglyLinkedListWithTail,isEmpty,10,4,0,000
SinglyLinkedListWithTail,pushBack,10,4,0,000
SinglyLinkedListWithTail,addAfter,10,4,0,000
SinglyLinkedListWithTail,addBefore,10,4,0,000
SinglyLinkedListWithTail,find,10,4,0,000
SinglyLinkedListWithTail,erase,10,4,0,000
SinglyLinkedListWithTail,popFront,10,4,0,000
SinglyLinkedListWithTail,popBack,10,4,0,000
DoublyLinkedList,pushFront,10,4,0,000
DoublyLinkedList,topFront,10,4,0,000
DoublyLinkedList,topBack,10,4,0,000
DoublyLinkedList,getSize,10,4,0,000
DoublyLinkedList,isEmpty,10,4,0,000
DoublyLinkedList,pushBack,10,4,0,000
DoublyLinkedList,addAfter,10,4,0,000
DoublyLinkedList,addBefore,10,4,0,000
DoublyLinkedList,find,10,4,0,000
DoublyLinkedList,erase,10,4,0,000
DoublyLinkedList,popFront,10,4,0,000
DoublyLinkedList,popBack,10,4,0,000
DoublyLinkedListWithTail,pushFront,10,4,0,000
DoublyLinkedListWithTail,topFront,10,4,0,000
DoublyLinkedListWithTail,topBack,10,4,0,000
DoublyLinkedListWithTail,getSize,10,4,0,000
DoublyLinkedListWithTail,isEmpty,10,4,0,000
DoublyLinkedListWithTail,pushBack,10,4,0,000
DoublyLinkedListWithTail,addAfter,10,4,0,000
DoublyLinkedListWithTail,addBefore,10,4,0,000
DoublyLinkedListWithTail,find,10,4,0,000
DoublyLinkedListWithTail,erase,10,4,0,000
DoublyLinkedListWithTail,popFront,10,4,0,000
DoublyLinkedListWithTail,popBack,10,4,0,000
ArrayStack,push,10,4,0,000
ArrayStack,peek,10,4,0,000
ArrayStack,size,10,4,0,000
ArrayStack,isEmpty,10,4,0,000
ArrayStack,delete,10,4,0,000
ArrayStack,pop,10,4,0,000
DynamicArrayQueue,enqueue,10,4,0,000
DynamicArrayQueue,front,10,4,0,000
DynamicArrayQueue,size,10,4,0,000
DynamicArrayQueue,isEmpty,10,4,0,000
DynamicArrayQueue,delete,10,4,0,000
DynamicArrayQueue,dequeue,10,4,0,000
SinglyLinkedList,pushFront,10,5,0,000
SinglyLinkedList,topFront,10,5,0,000
SinglyLinkedList,topBack,10,5,0,000
SinglyLinkedList,getSize,10,5,0,000
SinglyLinkedList,isEmpty,10,5,0,000
SinglyLinkedList,pushBack,10,5,0,000
SinglyLinkedList,addAfter,10,5,0,000
SinglyLinkedList,addBefore,10,5,0,000
SinglyLinkedList,find,10,5,0,000
SinglyLinkedList,erase,10,5,0,000
SinglyLinkedList,popFront,10,5,0,000
SinglyLinkedList,popBack,10,5,0,000
SinglyLinkedListWithTail,pushFront,10,5,0,000
SinglyLinkedListWithTail,topFront,10,5,0,000
SinglyLinkedListWithTail,topBack,10,5,0,000
SinglyLinkedListWithTail,getSize,10,5,0,000
SinglyLinkedListWithTail,isEmpty,10,5,0,000
SinglyLinkedListWithTail,pushBack,10,5,0,000
SinglyLinkedListWithTail,addAfter,10,5,0,000
SinglyLinkedListWithTail,addBefore,10,5,0,000
SinglyLinkedListWithTail,find,10,5,0,000
SinglyLinkedListWithTail,erase,10,5,0,000
SinglyLinkedListWithTail,popFront,10,5,0,000
SinglyLinkedListWithTail,popBack,10,5,0,000
DoublyLinkedList,pushFront,10,5,0,000
DoublyLinkedList,topFront,10,5,0,000
DoublyLinkedList,topBack,10,5,0,000
DoublyLinkedList,getSize,10,5,0,000
DoublyLinkedList,isEmpty,10,5,0,000
DoublyLinkedList,pushBack,10,5,0,000
DoublyLinkedList,addAfter,10,5,0,000
DoublyLinkedList,addBefore,10,5,0,000
DoublyLinkedList,find,10,5,0,000
DoublyLinkedList,erase,10,5,0,000
DoublyLinkedList,popFront,10,5,0,000
DoublyLinkedList,popBack,10,5,0,000
DoublyLinkedListWithTail,pushFront,10,5,0,000
DoublyLinkedListWithTail,topFront,10,5,0,000
DoublyLinkedListWithTail,topBack,10,5,0,000
DoublyLinkedListWithTail,getSize,10,5,0,000
DoublyLinkedListWithTail,isEmpty,10,5,0,000
DoublyLinkedListWithTail,pushBack,10,5,0,000
DoublyLinkedListWithTail,addAfter,10,5,0,000
DoublyLinkedListWithTail,addBefore,10,5,0,000
DoublyLinkedListWithTail,find,10,5,0,000
DoublyLinkedListWithTail,erase,10,5,0,000
DoublyLinkedListWithTail,popFront,10,5,0,000
DoublyLinkedListWithTail,popBack,10,5,0,000
ArrayStack,push,10,5,0,000
ArrayStack,peek,10,5,0,000
ArrayStack,size,10,5,0,000
ArrayStack,isEmpty,10,5,0,000
ArrayStack,delete,10,5,0,000
ArrayStack,pop,10,5,0,000
DynamicArrayQueue,enqueue,10,5,0,000
DynamicArrayQueue,front,10,5,0,000
DynamicArrayQueue,size,10,5,0,000
DynamicArrayQueue,isEmpty,10,5,0,000
DynamicArrayQueue,delete,10,5,0,000
DynamicArrayQueue,dequeue,10,5,0,000
SinglyLinkedList,pushFront,100,1,0,000
SinglyLinkedList,topFront,100,1,0,000
SinglyLinkedList,topBack,100,1,0,000
SinglyLinkedList,getSize,100,1,0,000
SinglyLinkedList,isEmpty,100,1,0,000
SinglyLinkedList,pushBack,100,1,0,000
SinglyLinkedList,addAfter,100,1,0,000
SinglyLinkedList,addBefore,100,1,1067,800
SinglyLinkedList,find,100,1,1222,600
SinglyLinkedList,erase,100,1,995,700
SinglyLinkedList,popFront,100,1,0,000
SinglyLinkedList,popBack,100,1,1000,500
SinglyLinkedListWithTail,pushFront,100,1,0,000
SinglyLinkedListWithTail,topFront,100,1,0,000
SinglyLinkedListWithTail,topBack,100,1,0,000
SinglyLinkedListWithTail,getSize,100,1,0,000
SinglyLinkedListWithTail,isEmpty,100,1,0,000
SinglyLinkedListWithTail,pushBack,100,1,0,000
SinglyLinkedListWithTail,addAfter,100,1,0,000
SinglyLinkedListWithTail,addBefore,100,1,1514,700
SinglyLinkedListWithTail,find,100,1,0,000
SinglyLinkedListWithTail,erase,100,1,996,600
SinglyLinkedListWithTail,popFront,100,1,0,000
SinglyLinkedListWithTail,popBack,100,1,1168,400
DoublyLinkedList,pushFront,100,1,0,000
DoublyLinkedList,topFront,100,1,0,000
DoublyLinkedList,topBack,100,1,0,000
DoublyLinkedList,getSize,100,1,0,000
DoublyLinkedList,isEmpty,100,1,0,000
DoublyLinkedList,pushBack,100,1,0,000
DoublyLinkedList,addAfter,100,1,999,100
DoublyLinkedList,addBefore,100,1,1002,500
DoublyLinkedList,find,100,1,1421,500
DoublyLinkedList,erase,100,1,0,000
DoublyLinkedList,popFront,100,1,0,000
DoublyLinkedList,popBack,100,1,0,000
DoublyLinkedListWithTail,pushFront,100,1,0,000
DoublyLinkedListWithTail,topFront,100,1,0,000
DoublyLinkedListWithTail,topBack,100,1,0,000
DoublyLinkedListWithTail,getSize,100,1,0,000
DoublyLinkedListWithTail,isEmpty,100,1,0,000
DoublyLinkedListWithTail,pushBack,100,1,0,000
DoublyLinkedListWithTail,addAfter,100,1,1002,000
DoublyLinkedListWithTail,addBefore,100,1,1009,900
DoublyLinkedListWithTail,find,100,1,0,000
DoublyLinkedListWithTail,erase,100,1,0,000
DoublyLinkedListWithTail,popFront,100,1,0,000
DoublyLinkedListWithTail,popBack,100,1,0,000
ArrayStack,push,100,1,0,000
ArrayStack,peek,100,1,0,000
ArrayStack,size,100,1,0,000
ArrayStack,isEmpty,100,1,0,000
ArrayStack,delete,100,1,987,400
ArrayStack,pop,100,1,0,000
DynamicArrayQueue,enqueue,100,1,0,000
DynamicArrayQueue,front,100,1,0,000
DynamicArrayQueue,size,100,1,0,000
DynamicArrayQueue,isEmpty,100,1,0,000
DynamicArrayQueue,delete,100,1,1012,700
DynamicArrayQueue,dequeue,100,1,0,000
SinglyLinkedList,pushFront,100,2,0,000
SinglyLinkedList,topFront,100,2,0,000
SinglyLinkedList,topBack,100,2,0,000
SinglyLinkedList,getSize,100,2,0,000
SinglyLinkedList,isEmpty,100,2,0,000
SinglyLinkedList,pushBack,100,2,0,000
SinglyLinkedList,addAfter,100,2,998,100
SinglyLinkedList,addBefore,100,2,0,000
SinglyLinkedList,find,100,2,0,000
SinglyLinkedList,erase,100,2,0,000
SinglyLinkedList,popFront,100,2,0,000
SinglyLinkedList,popBack,100,2,997,600
SinglyLinkedListWithTail,pushFront,100,2,0,000
SinglyLinkedListWithTail,topFront,100,2,0,000
SinglyLinkedListWithTail,topBack,100,2,0,000
SinglyLinkedListWithTail,getSize,100,2,0,000
SinglyLinkedListWithTail,isEmpty,100,2,0,000
SinglyLinkedListWithTail,pushBack,100,2,0,000
SinglyLinkedListWithTail,addAfter,100,2,0,000
SinglyLinkedListWithTail,addBefore,100,2,0,000
SinglyLinkedListWithTail,find,100,2,0,000
SinglyLinkedListWithTail,erase,100,2,1002,000
SinglyLinkedListWithTail,popFront,100,2,0,000
SinglyLinkedListWithTail,popBack,100,2,0,000
DoublyLinkedList,pushFront,100,2,0,000
DoublyLinkedList,topFront,100,2,0,000
DoublyLinkedList,topBack,100,2,0,000
DoublyLinkedList,getSize,100,2,0,000
DoublyLinkedList,isEmpty,100,2,0,000
DoublyLinkedList,pushBack,100,2,0,000
DoublyLinkedList,addAfter,100,2,0,000
DoublyLinkedList,addBefore,100,2,999,800
DoublyLinkedList,find,100,2,0,000
DoublyLinkedList,erase,100,2,0,000
DoublyLinkedList,popFront,100,2,0,000
DoublyLinkedList,popBack,100,2,0,000
DoublyLinkedListWithTail,pushFront,100,2,0,000
DoublyLinkedListWithTail,topFront,100,2,0,000
DoublyLinkedListWithTail,topBack,100,2,0,000
DoublyLinkedListWithTail,getSize,100,2,0,000
DoublyLinkedListWithTail,isEmpty,100,2,0,000
DoublyLinkedListWithTail,pushBack,100,2,0,000
DoublyLinkedListWithTail,addAfter,100,2,0,000
DoublyLinkedListWithTail,addBefore,100,2,0,000
DoublyLinkedListWithTail,find,100,2,0,000
DoublyLinkedListWithTail,erase,100,2,0,000
DoublyLinkedListWithTail,popFront,100,2,0,000
DoublyLinkedListWithTail,popBack,100,2,0,000
ArrayStack,push,100,2,0,000
ArrayStack,peek,100,2,0,000
ArrayStack,size,100,2,0,000
ArrayStack,isEmpty,100,2,0,000
ArrayStack,delete,100,2,0,000
ArrayStack,pop,100,2,0,000
DynamicArrayQueue,enqueue,100,2,0,000
DynamicArrayQueue,front,100,2,0,000
DynamicArrayQueue,size,100,2,0,000
DynamicArrayQueue,isEmpty,100,2,0,000
DynamicArrayQueue,delete,100,2,0,000
DynamicArrayQueue,dequeue,100,2,0,000
SinglyLinkedList,pushFront,100,3,0,000
SinglyLinkedList,topFront,100,3,997,700
SinglyLinkedList,topBack,100,3,0,000
SinglyLinkedList,getSize,100,3,0,000
SinglyLinkedList,isEmpty,100,3,0,000
SinglyLinkedList,pushBack,100,3,0,000
SinglyLinkedList,addAfter,100,3,0,000
SinglyLinkedList,addBefore,100,3,1005,700
SinglyLinkedList,find,100,3,0,000
SinglyLinkedList,erase,100,3,0,000
SinglyLinkedList,popFront,100,3,998,000
SinglyLinkedList,popBack,100,3,0,000
SinglyLinkedListWithTail,pushFront,100,3,0,000
SinglyLinkedListWithTail,topFront,100,3,0,000
SinglyLinkedListWithTail,topBack,100,3,0,000
SinglyLinkedListWithTail,getSize,100,3,0,000
SinglyLinkedListWithTail,isEmpty,100,3,0,000
SinglyLinkedListWithTail,pushBack,100,3,0,000
SinglyLinkedListWithTail,addAfter,100,3,0,000
SinglyLinkedListWithTail,addBefore,100,3,0,000
SinglyLinkedListWithTail,find,100,3,0,000
SinglyLinkedListWithTail,erase,100,3,0,000
SinglyLinkedListWithTail,popFront,100,3,1019,200
SinglyLinkedListWithTail,popBack,100,3,0,000
DoublyLinkedList,pushFront,100,3,0,000
DoublyLinkedList,topFront,100,3,0,000
DoublyLinkedList,topBack,100,3,0,000
DoublyLinkedList,getSize,100,3,0,000
DoublyLinkedList,isEmpty,100,3,0,000
DoublyLinkedList,pushBack,100,3,0,000
DoublyLinkedList,addAfter,100,3,0,000
DoublyLinkedList,addBefore,100,3,995,400
DoublyLinkedList,find,100,3,0,000
DoublyLinkedList,erase,100,3,0,000
DoublyLinkedList,popFront,100,3,0,000
DoublyLinkedList,popBack,100,3,1002,600
DoublyLinkedListWithTail,pushFront,100,3,0,000
DoublyLinkedListWithTail,topFront,100,3,0,000
DoublyLinkedListWithTail,topBack,100,3,0,000
DoublyLinkedListWithTail,getSize,100,3,0,000
DoublyLinkedListWithTail,isEmpty,100,3,0,000
DoublyLinkedListWithTail,pushBack,100,3,0,000
DoublyLinkedListWithTail,addAfter,100,3,0,000
DoublyLinkedListWithTail,addBefore,100,3,998,300
DoublyLinkedListWithTail,find,100,3,0,000
DoublyLinkedListWithTail,erase,100,3,0,000
DoublyLinkedListWithTail,popFront,100,3,0,000
DoublyLinkedListWithTail,popBack,100,3,997,900
ArrayStack,push,100,3,0,000
ArrayStack,peek,100,3,0,000
ArrayStack,size,100,3,0,000
ArrayStack,isEmpty,100,3,0,000
ArrayStack,delete,100,3,0,000
ArrayStack,pop,100,3,0,000
DynamicArrayQueue,enqueue,100,3,0,000
DynamicArrayQueue,front,100,3,0,000
DynamicArrayQueue,size,100,3,0,000
DynamicArrayQueue,isEmpty,100,3,0,000
DynamicArrayQueue,delete,100,3,0,000
DynamicArrayQueue,dequeue,100,3,1004,200
SinglyLinkedList,pushFront,100,4,0,000
SinglyLinkedList,topFront,100,4,0,000
SinglyLinkedList,topBack,100,4,0,000
SinglyLinkedList,getSize,100,4,0,000
SinglyLinkedList,isEmpty,100,4,0,000
SinglyLinkedList,pushBack,100,4,0,000
SinglyLinkedList,addAfter,100,4,0,000
SinglyLinkedList,addBefore,100,4,0,000
SinglyLinkedList,find,100,4,0,000
SinglyLinkedList,erase,100,4,0,000
SinglyLinkedList,popFront,100,4,0,000
SinglyLinkedList,popBack,100,4,0,000
SinglyLinkedListWithTail,pushFront,100,4,1000,800
SinglyLinkedListWithTail,topFront,100,4,0,000
SinglyLinkedListWithTail,topBack,100,4,0,000
SinglyLinkedListWithTail,getSize,100,4,0,000
SinglyLinkedListWithTail,isEmpty,100,4,0,000
SinglyLinkedListWithTail,pushBack,100,4,0,000
SinglyLinkedListWithTail,addAfter,100,4,0,000
SinglyLinkedListWithTail,addBefore,100,4,0,000
SinglyLinkedListWithTail,find,100,4,0,000
SinglyLinkedListWithTail,erase,100,4,0,000
SinglyLinkedListWithTail,popFront,100,4,0,000
SinglyLinkedListWithTail,popBack,100,4,0,000
DoublyLinkedList,pushFront,100,4,998,400
DoublyLinkedList,topFront,100,4,0,000
DoublyLinkedList,topBack,100,4,0,000
DoublyLinkedList,getSize,100,4,0,000
DoublyLinkedList,isEmpty,100,4,0,000
DoublyLinkedList,pushBack,100,4,0,000
DoublyLinkedList,addAfter,100,4,0,000
DoublyLinkedList,addBefore,100,4,0,000
DoublyLinkedList,find,100,4,0,000
DoublyLinkedList,erase,100,4,0,000
DoublyLinkedList,popFront,100,4,0,000
DoublyLinkedList,popBack,100,4,1296,000
DoublyLinkedListWithTail,pushFront,100,4,0,000
DoublyLinkedListWithTail,topFront,100,4,0,000
DoublyLinkedListWithTail,topBack,100,4,0,000
DoublyLinkedListWithTail,getSize,100,4,0,000
DoublyLinkedListWithTail,isEmpty,100,4,0,000
DoublyLinkedListWithTail,pushBack,100,4,0,000
DoublyLinkedListWithTail,addAfter,100,4,0,000
DoublyLinkedListWithTail,addBefore,100,4,0,000
DoublyLinkedListWithTail,find,100,4,0,000
DoublyLinkedListWithTail,erase,100,4,0,000
DoublyLinkedListWithTail,popFront,100,4,0,000
DoublyLinkedListWithTail,popBack,100,4,0,000
ArrayStack,push,100,4,0,000
ArrayStack,peek,100,4,0,000
ArrayStack,size,100,4,0,000
ArrayStack,isEmpty,100,4,0,000
ArrayStack,delete,100,4,0,000
ArrayStack,pop,100,4,0,000
DynamicArrayQueue,enqueue,100,4,998,800
DynamicArrayQueue,front,100,4,0,000
DynamicArrayQueue,size,100,4,0,000
DynamicArrayQueue,isEmpty,100,4,0,000
DynamicArrayQueue,delete,100,4,0,000
DynamicArrayQueue,dequeue,100,4,999,300
SinglyLinkedList,pushFront,100,5,0,000
SinglyLinkedList,topFront,100,5,0,000
SinglyLinkedList,topBack,100,5,0,000
SinglyLinkedList,getSize,100,5,0,000
SinglyLinkedList,isEmpty,100,5,0,000
SinglyLinkedList,pushBack,100,5,0,000
SinglyLinkedList,addAfter,100,5,0,000
SinglyLinkedList,addBefore,100,5,1022,200
SinglyLinkedList,find,100,5,0,000
SinglyLinkedList,erase,100,5,0,000
SinglyLinkedList,popFront,100,5,0,000
SinglyLinkedList,popBack,100,5,0,000
SinglyLinkedListWithTail,pushFront,100,5,0,000
SinglyLinkedListWithTail,topFront,100,5,0,000
SinglyLinkedListWithTail,topBack,100,5,0,000
SinglyLinkedListWithTail,getSize,100,5,0,000
SinglyLinkedListWithTail,isEmpty,100,5,0,000
SinglyLinkedListWithTail,pushBack,100,5,0,000
SinglyLinkedListWithTail,addAfter,100,5,0,000
SinglyLinkedListWithTail,addBefore,100,5,0,000
SinglyLinkedListWithTail,find,100,5,0,000
SinglyLinkedListWithTail,erase,100,5,0,000
SinglyLinkedListWithTail,popFront,100,5,0,000
SinglyLinkedListWithTail,popBack,100,5,1480,800
DoublyLinkedList,pushFront,100,5,0,000
DoublyLinkedList,topFront,100,5,0,000
DoublyLinkedList,topBack,100,5,0,000
DoublyLinkedList,getSize,100,5,0,000
DoublyLinkedList,isEmpty,100,5,0,000
DoublyLinkedList,pushBack,100,5,0,000
DoublyLinkedList,addAfter,100,5,0,000
DoublyLinkedList,addBefore,100,5,1003,200
DoublyLinkedList,find,100,5,0,000
DoublyLinkedList,erase,100,5,0,000
DoublyLinkedList,popFront,100,5,0,000
DoublyLinkedList,popBack,100,5,0,000
DoublyLinkedListWithTail,pushFront,100,5,0,000
DoublyLinkedListWithTail,topFront,100,5,0,000
DoublyLinkedListWithTail,topBack,100,5,0,000
DoublyLinkedListWithTail,getSize,100,5,0,000
DoublyLinkedListWithTail,isEmpty,100,5,0,000
DoublyLinkedListWithTail,pushBack,100,5,0,000
DoublyLinkedListWithTail,addAfter,100,5,0,000
DoublyLinkedListWithTail,addBefore,100,5,0,000
DoublyLinkedListWithTail,find,100,5,0,000
DoublyLinkedListWithTail,erase,100,5,0,000
DoublyLinkedListWithTail,popFront,100,5,0,000
DoublyLinkedListWithTail,popBack,100,5,0,000
ArrayStack,push,100,5,0,000
ArrayStack,peek,100,5,0,000
ArrayStack,size,100,5,0,000
ArrayStack,isEmpty,100,5,0,000
ArrayStack,delete,100,5,1003,200
ArrayStack,pop,100,5,0,000
DynamicArrayQueue,enqueue,100,5,0,000
DynamicArrayQueue,front,100,5,0,000
DynamicArrayQueue,size,100,5,0,000
DynamicArrayQueue,isEmpty,100,5,0,000
DynamicArrayQueue,delete,100,5,0,000
DynamicArrayQueue,dequeue,100,5,0,000
SinglyLinkedList,pushFront,1000,1,0,000
SinglyLinkedList,topFront,1000,1,0,000
SinglyLinkedList,topBack,1000,1,4428,000
SinglyLinkedList,getSize,1000,1,0,000
SinglyLinkedList,isEmpty,1000,1,0,000
SinglyLinkedList,pushBack,1000,1,2379,400
SinglyLinkedList,addAfter,1000,1,4002,500
SinglyLinkedList,addBefore,1000,1,7001,100
SinglyLinkedList,find,1000,1,8000,000
SinglyLinkedList,erase,1000,1,8994,700
SinglyLinkedList,popFront,1000,1,0,000
SinglyLinkedList,popBack,1000,1,7996,800
SinglyLinkedListWithTail,pushFront,1000,1,0,000
SinglyLinkedListWithTail,topFront,1000,1,0,000
SinglyLinkedListWithTail,topBack,1000,1,0,000
SinglyLinkedListWithTail,getSize,1000,1,0,000
SinglyLinkedListWithTail,isEmpty,1000,1,0,000
SinglyLinkedListWithTail,pushBack,1000,1,0,000
SinglyLinkedListWithTail,addAfter,1000,1,6000,900
SinglyLinkedListWithTail,addBefore,1000,1,10997,100
SinglyLinkedListWithTail,find,1000,1,7007,900
SinglyLinkedListWithTail,erase,1000,1,9535,700
SinglyLinkedListWithTail,popFront,1000,1,0,000
SinglyLinkedListWithTail,popBack,1000,1,4988,200
DoublyLinkedList,pushFront,1000,1,1002,300
DoublyLinkedList,topFront,1000,1,0,000
DoublyLinkedList,topBack,1000,1,3998,100
DoublyLinkedList,getSize,1000,1,0,000
DoublyLinkedList,isEmpty,1000,1,0,000
DoublyLinkedList,pushBack,1000,1,2031,600
DoublyLinkedList,addAfter,1000,1,7386,900
DoublyLinkedList,addBefore,1000,1,10997,300
DoublyLinkedList,find,1000,1,8007,800
DoublyLinkedList,erase,1000,1,8989,400
DoublyLinkedList,popFront,1000,1,0,000
DoublyLinkedList,popBack,1000,1,6998,000
DoublyLinkedListWithTail,pushFront,1000,1,0,000
DoublyLinkedListWithTail,topFront,1000,1,0,000
DoublyLinkedListWithTail,topBack,1000,1,0,000
DoublyLinkedListWithTail,getSize,1000,1,0,000
DoublyLinkedListWithTail,isEmpty,1000,1,0,000
DoublyLinkedListWithTail,pushBack,1000,1,0,000
DoublyLinkedListWithTail,addAfter,1000,1,3996,200
DoublyLinkedListWithTail,addBefore,1000,1,9729,900
DoublyLinkedListWithTail,find,1000,1,8017,300
DoublyLinkedListWithTail,erase,1000,1,8329,300
DoublyLinkedListWithTail,popFront,1000,1,0,000
DoublyLinkedListWithTail,popBack,1000,1,0,000
ArrayStack,push,1000,1,1009,000
ArrayStack,peek,1000,1,0,000
ArrayStack,size,1000,1,0,000
ArrayStack,isEmpty,1000,1,0,000
ArrayStack,delete,1000,1,5990,000
ArrayStack,pop,1000,1,1224,700
DynamicArrayQueue,enqueue,1000,1,0,000
DynamicArrayQueue,front,1000,1,0,000
DynamicArrayQueue,size,1000,1,0,000
DynamicArrayQueue,isEmpty,1000,1,0,000
DynamicArrayQueue,delete,1000,1,21516,300
DynamicArrayQueue,dequeue,1000,1,0,000
SinglyLinkedList,pushFront,1000,2,1007,400
SinglyLinkedList,topFront,1000,2,0,000
SinglyLinkedList,topBack,1000,2,1997,000
SinglyLinkedList,getSize,1000,2,0,000
SinglyLinkedList,isEmpty,1000,2,996,500
SinglyLinkedList,pushBack,1000,2,1998,500
SinglyLinkedList,addAfter,1000,2,5000,100
SinglyLinkedList,addBefore,1000,2,2998,300
SinglyLinkedList,find,1000,2,3000,300
SinglyLinkedList,erase,1000,2,2000,100
SinglyLinkedList,popFront,1000,2,0,000
SinglyLinkedList,popBack,1000,2,6000,300
SinglyLinkedListWithTail,pushFront,1000,2,0,000
SinglyLinkedListWithTail,topFront,1000,2,0,000
SinglyLinkedListWithTail,topBack,1000,2,0,000
SinglyLinkedListWithTail,getSize,1000,2,0,000
SinglyLinkedListWithTail,isEmpty,1000,2,0,000
SinglyLinkedListWithTail,pushBack,1000,2,0,000
SinglyLinkedListWithTail,addAfter,1000,2,6000,400
SinglyLinkedListWithTail,addBefore,1000,2,2998,700
SinglyLinkedListWithTail,find,1000,2,3000,500
SinglyLinkedListWithTail,erase,1000,2,1999,900
SinglyLinkedListWithTail,popFront,1000,2,0,000
SinglyLinkedListWithTail,popBack,1000,2,5020,000
DoublyLinkedList,pushFront,1000,2,1005,300
DoublyLinkedList,topFront,1000,2,0,000
DoublyLinkedList,topBack,1000,2,1995,100
DoublyLinkedList,getSize,1000,2,0,000
DoublyLinkedList,isEmpty,1000,2,0,000
DoublyLinkedList,pushBack,1000,2,3000,100
DoublyLinkedList,addAfter,1000,2,1999,100
DoublyLinkedList,addBefore,1000,2,3000,500
DoublyLinkedList,find,1000,2,3005,400
DoublyLinkedList,erase,1000,2,3023,000
DoublyLinkedList,popFront,1000,2,0,000
DoublyLinkedList,popBack,1000,2,5983,200
DoublyLinkedListWithTail,pushFront,1000,2,0,000
DoublyLinkedListWithTail,topFront,1000,2,0,000
DoublyLinkedListWithTail,topBack,1000,2,0,000
DoublyLinkedListWithTail,getSize,1000,2,0,000
DoublyLinkedListWithTail,isEmpty,1000,2,0,000
DoublyLinkedListWithTail,pushBack,1000,2,0,000
DoublyLinkedListWithTail,addAfter,1000,2,5443,400
DoublyLinkedListWithTail,addBefore,1000,2,3277,200
DoublyLinkedListWithTail,find,1000,2,2245,100
DoublyLinkedListWithTail,erase,1000,2,2526,000
DoublyLinkedListWithTail,popFront,1000,2,0,000
DoublyLinkedListWithTail,popBack,1000,2,976,800
ArrayStack,push,1000,2,0,000
ArrayStack,peek,1000,2,0,000
ArrayStack,size,1000,2,0,000
ArrayStack,isEmpty,1000,2,0,000
ArrayStack,delete,1000,2,997,300
ArrayStack,pop,1000,2,0,000
DynamicArrayQueue,enqueue,1000,2,0,000
DynamicArrayQueue,front,1000,2,0,000
DynamicArrayQueue,size,1000,2,0,000
DynamicArrayQueue,isEmpty,1000,2,0,000
DynamicArrayQueue,delete,1000,2,4524,900
DynamicArrayQueue,dequeue,1000,2,0,000
SinglyLinkedList,pushFront,1000,3,0,000
SinglyLinkedList,topFront,1000,3,0,000
SinglyLinkedList,topBack,1000,3,2998,900
SinglyLinkedList,getSize,1000,3,0,000
SinglyLinkedList,isEmpty,1000,3,0,000
SinglyLinkedList,pushBack,1000,3,1000,300
SinglyLinkedList,addAfter,1000,3,1998,000
SinglyLinkedList,addBefore,1000,3,3001,500
SinglyLinkedList,find,1000,3,1999,700
SinglyLinkedList,erase,1000,3,2998,200
SinglyLinkedList,popFront,1000,3,0,000
SinglyLinkedList,popBack,1000,3,5084,900
SinglyLinkedListWithTail,pushFront,1000,3,0,000
SinglyLinkedListWithTail,topFront,1000,3,0,000
SinglyLinkedListWithTail,topBack,1000,3,0,000
SinglyLinkedListWithTail,getSize,1000,3,0,000
SinglyLinkedListWithTail,isEmpty,1000,3,0,000
SinglyLinkedListWithTail,pushBack,1000,3,0,000
SinglyLinkedListWithTail,addAfter,1000,3,1582,600
SinglyLinkedListWithTail,addBefore,1000,3,4667,500
SinglyLinkedListWithTail,find,1000,3,1554,800
SinglyLinkedListWithTail,erase,1000,3,3104,600
SinglyLinkedListWithTail,popFront,1000,3,0,000
SinglyLinkedListWithTail,popBack,1000,3,5000,200
DoublyLinkedList,pushFront,1000,3,0,000
DoublyLinkedList,topFront,1000,3,0,000
DoublyLinkedList,topBack,1000,3,3000,400
DoublyLinkedList,getSize,1000,3,0,000
DoublyLinkedList,isEmpty,1000,3,0,000
DoublyLinkedList,pushBack,1000,3,998,500
DoublyLinkedList,addAfter,1000,3,1000,100
DoublyLinkedList,addBefore,1000,3,3004,400
DoublyLinkedList,find,1000,3,1998,100
DoublyLinkedList,erase,1000,3,8998,400
DoublyLinkedList,popFront,1000,3,0,000
DoublyLinkedList,popBack,1000,3,5997,900
DoublyLinkedListWithTail,pushFront,1000,3,0,000
DoublyLinkedListWithTail,topFront,1000,3,0,000
DoublyLinkedListWithTail,topBack,1000,3,0,000
DoublyLinkedListWithTail,getSize,1000,3,0,000
DoublyLinkedListWithTail,isEmpty,1000,3,0,000
DoublyLinkedListWithTail,pushBack,1000,3,0,000
DoublyLinkedListWithTail,addAfter,1000,3,2005,500
DoublyLinkedListWithTail,addBefore,1000,3,2998,100
DoublyLinkedListWithTail,find,1000,3,2995,800
DoublyLinkedListWithTail,erase,1000,3,3018,200
DoublyLinkedListWithTail,popFront,1000,3,0,000
DoublyLinkedListWithTail,popBack,1000,3,0,000
ArrayStack,push,1000,3,0,000
ArrayStack,peek,1000,3,0,000
ArrayStack,size,1000,3,0,000
ArrayStack,isEmpty,1000,3,0,000
ArrayStack,delete,1000,3,984,300
ArrayStack,pop,1000,3,0,000
DynamicArrayQueue,enqueue,1000,3,0,000
DynamicArrayQueue,front,1000,3,0,000
DynamicArrayQueue,size,1000,3,0,000
DynamicArrayQueue,isEmpty,1000,3,0,000
DynamicArrayQueue,delete,1000,3,6010,400
DynamicArrayQueue,dequeue,1000,3,0,000
SinglyLinkedList,pushFront,1000,4,0,000
SinglyLinkedList,topFront,1000,4,0,000
SinglyLinkedList,topBack,1000,4,2998,200
SinglyLinkedList,getSize,1000,4,0,000
SinglyLinkedList,isEmpty,1000,4,0,000
SinglyLinkedList,pushBack,1000,4,2000,000
SinglyLinkedList,addAfter,1000,4,1001,700
SinglyLinkedList,addBefore,1000,4,3003,400
SinglyLinkedList,find,1000,4,3547,200
SinglyLinkedList,erase,1000,4,2778,600
SinglyLinkedList,popFront,1000,4,0,000
SinglyLinkedList,popBack,1000,4,5004,800
SinglyLinkedListWithTail,pushFront,1000,4,0,000
SinglyLinkedListWithTail,topFront,1000,4,0,000
SinglyLinkedListWithTail,topBack,1000,4,0,000
SinglyLinkedListWithTail,getSize,1000,4,0,000
SinglyLinkedListWithTail,isEmpty,1000,4,0,000
SinglyLinkedListWithTail,pushBack,1000,4,0,000
SinglyLinkedListWithTail,addAfter,1000,4,2000,100
SinglyLinkedListWithTail,addBefore,1000,4,3993,700
SinglyLinkedListWithTail,find,1000,4,1999,700
SinglyLinkedListWithTail,erase,1000,4,2015,500
SinglyLinkedListWithTail,popFront,1000,4,0,000
SinglyLinkedListWithTail,popBack,1000,4,4342,700
DoublyLinkedList,pushFront,1000,4,0,000
DoublyLinkedList,topFront,1000,4,0,000
DoublyLinkedList,topBack,1000,4,2993,500
DoublyLinkedList,getSize,1000,4,0,000
DoublyLinkedList,isEmpty,1000,4,0,000
DoublyLinkedList,pushBack,1000,4,1011,200
DoublyLinkedList,addAfter,1000,4,1004,800
DoublyLinkedList,addBefore,1000,4,2993,100
DoublyLinkedList,find,1000,4,3162,400
DoublyLinkedList,erase,1000,4,2018,000
DoublyLinkedList,popFront,1000,4,0,000
DoublyLinkedList,popBack,1000,4,5008,900
DoublyLinkedListWithTail,pushFront,1000,4,0,000
DoublyLinkedListWithTail,topFront,1000,4,0,000
DoublyLinkedListWithTail,topBack,1000,4,0,000
DoublyLinkedListWithTail,getSize,1000,4,0,000
DoublyLinkedListWithTail,isEmpty,1000,4,0,000
DoublyLinkedListWithTail,pushBack,1000,4,0,000
DoublyLinkedListWithTail,addAfter,1000,4,1020,600
DoublyLinkedListWithTail,addBefore,1000,4,3010,000
DoublyLinkedListWithTail,find,1000,4,2028,000
DoublyLinkedListWithTail,erase,1000,4,3007,600
DoublyLinkedListWithTail,popFront,1000,4,0,000
DoublyLinkedListWithTail,popBack,1000,4,0,000
ArrayStack,push,1000,4,0,000
ArrayStack,peek,1000,4,0,000
ArrayStack,size,1000,4,0,000
ArrayStack,isEmpty,1000,4,0,000
ArrayStack,delete,1000,4,1041,600
ArrayStack,pop,1000,4,0,000
DynamicArrayQueue,enqueue,1000,4,0,000
DynamicArrayQueue,front,1000,4,0,000
DynamicArrayQueue,size,1000,4,0,000
DynamicArrayQueue,isEmpty,1000,4,0,000
DynamicArrayQueue,delete,1000,4,4987,600
DynamicArrayQueue,dequeue,1000,4,0,000
SinglyLinkedList,pushFront,1000,5,1002,000
SinglyLinkedList,topFront,1000,5,0,000
SinglyLinkedList,topBack,1000,5,3002,100
SinglyLinkedList,getSize,1000,5,0,000
SinglyLinkedList,isEmpty,1000,5,0,000
SinglyLinkedList,pushBack,1000,5,1033,100
SinglyLinkedList,addAfter,1000,5,2545,300
SinglyLinkedList,addBefore,1000,5,2955,800
SinglyLinkedList,find,1000,5,2469,100
SinglyLinkedList,erase,1000,5,2394,300
SinglyLinkedList,popFront,1000,5,0,000
SinglyLinkedList,popBack,1000,5,6001,400
SinglyLinkedListWithTail,pushFront,1000,5,0,000
SinglyLinkedListWithTail,topFront,1000,5,0,000
SinglyLinkedListWithTail,topBack,1000,5,0,000
SinglyLinkedListWithTail,getSize,1000,5,0,000
SinglyLinkedListWithTail,isEmpty,1000,5,0,000
SinglyLinkedListWithTail,pushBack,1000,5,0,000
SinglyLinkedListWithTail,addAfter,1000,5,2466,900
SinglyLinkedListWithTail,addBefore,1000,5,3048,600
SinglyLinkedListWithTail,find,1000,5,2002,000
SinglyLinkedListWithTail,erase,1000,5,2615,400
SinglyLinkedListWithTail,popFront,1000,5,1011,400
SinglyLinkedListWithTail,popBack,1000,5,4256,500
DoublyLinkedList,pushFront,1000,5,0,000
DoublyLinkedList,topFront,1000,5,0,000
DoublyLinkedList,topBack,1000,5,3134,400
DoublyLinkedList,getSize,1000,5,0,000
DoublyLinkedList,isEmpty,1000,5,0,000
DoublyLinkedList,pushBack,1000,5,1606,600
DoublyLinkedList,addAfter,1000,5,2013,100
DoublyLinkedList,addBefore,1000,5,4003,200
DoublyLinkedList,find,1000,5,1998,400
DoublyLinkedList,erase,1000,5,3003,000
DoublyLinkedList,popFront,1000,5,0,000
DoublyLinkedList,popBack,1000,5,5999,500
DoublyLinkedListWithTail,pushFront,1000,5,0,000
DoublyLinkedListWithTail,topFront,1000,5,0,000
DoublyLinkedListWithTail,topBack,1000,5,0,000
DoublyLinkedListWithTail,getSize,1000,5,0,000
DoublyLinkedListWithTail,isEmpty,1000,5,0,000
DoublyLinkedListWithTail,pushBack,1000,5,0,000
DoublyLinkedListWithTail,addAfter,1000,5,1997,700
DoublyLinkedListWithTail,addBefore,1000,5,2999,200
DoublyLinkedListWithTail,find,1000,5,2996,900
DoublyLinkedListWithTail,erase,1000,5,3004,300
DoublyLinkedListWithTail,popFront,1000,5,1003,900
DoublyLinkedListWithTail,popBack,1000,5,0,000
ArrayStack,push,1000,5,0,000
ArrayStack,peek,1000,5,0,000
ArrayStack,size,1000,5,0,000
ArrayStack,isEmpty,1000,5,0,000
ArrayStack,delete,1000,5,998,600
ArrayStack,pop,1000,5,1385,900
DynamicArrayQueue,enqueue,1000,5,0,000
DynamicArrayQueue,front,1000,5,0,000
DynamicArrayQueue,size,1000,5,0,000
DynamicArrayQueue,isEmpty,1000,5,0,000
DynamicArrayQueue,delete,1000,5,6007,200
DynamicArrayQueue,dequeue,1000,5,0,000
SinglyLinkedList,pushFront,10000,1,990,400
SinglyLinkedList,topFront,10000,1,0,000
SinglyLinkedList,topBack,10000,1,279541,400
SinglyLinkedList,getSize,10000,1,0,000
SinglyLinkedList,isEmpty,10000,1,0,000
SinglyLinkedList,pushBack,10000,1,159577,500
SinglyLinkedList,addAfter,10000,1,165520,800
SinglyLinkedList,addBefore,10000,1,358158,000
SinglyLinkedList,find,10000,1,258951,400
SinglyLinkedList,erase,10000,1,296495,600
SinglyLinkedList,popFront,10000,1,0,000
SinglyLinkedList,popBack,10000,1,583702,900
SinglyLinkedListWithTail,pushFront,10000,1,0,000
SinglyLinkedListWithTail,topFront,10000,1,1000,700
SinglyLinkedListWithTail,topBack,10000,1,0,000
SinglyLinkedListWithTail,getSize,10000,1,0,000
SinglyLinkedListWithTail,isEmpty,10000,1,1001,200
SinglyLinkedListWithTail,pushBack,10000,1,0,000
SinglyLinkedListWithTail,addAfter,10000,1,169735,800
SinglyLinkedListWithTail,addBefore,10000,1,359044,800
SinglyLinkedListWithTail,find,10000,1,246330,500
SinglyLinkedListWithTail,erase,10000,1,289502,800
SinglyLinkedListWithTail,popFront,10000,1,0,000
SinglyLinkedListWithTail,popBack,10000,1,599911,300
DoublyLinkedList,pushFront,10000,1,0,000
DoublyLinkedList,topFront,10000,1,0,000
DoublyLinkedList,topBack,10000,1,276959,700
DoublyLinkedList,getSize,10000,1,0,000
DoublyLinkedList,isEmpty,10000,1,0,000
DoublyLinkedList,pushBack,10000,1,155701,800
DoublyLinkedList,addAfter,10000,1,160855,100
DoublyLinkedList,addBefore,10000,1,350870,800
DoublyLinkedList,find,10000,1,243569,100
DoublyLinkedList,erase,10000,1,296506,500
DoublyLinkedList,popFront,10000,1,0,000
DoublyLinkedList,popBack,10000,1,629658,700
DoublyLinkedListWithTail,pushFront,10000,1,0,000
DoublyLinkedListWithTail,topFront,10000,1,0,000
DoublyLinkedListWithTail,topBack,10000,1,0,000
DoublyLinkedListWithTail,getSize,10000,1,1002,400
DoublyLinkedListWithTail,isEmpty,10000,1,0,000
DoublyLinkedListWithTail,pushBack,10000,1,0,000
DoublyLinkedListWithTail,addAfter,10000,1,162590,100
DoublyLinkedListWithTail,addBefore,10000,1,317150,200
DoublyLinkedListWithTail,find,10000,1,237528,100
DoublyLinkedListWithTail,erase,10000,1,276581,900
DoublyLinkedListWithTail,popFront,10000,1,0,000
DoublyLinkedListWithTail,popBack,10000,1,0,000
ArrayStack,push,10000,1,980,900
ArrayStack,peek,10000,1,0,000
ArrayStack,size,10000,1,0,000
ArrayStack,isEmpty,10000,1,0,000
ArrayStack,delete,10000,1,93165,000
ArrayStack,pop,10000,1,0,000
DynamicArrayQueue,enqueue,10000,1,977,900
DynamicArrayQueue,front,10000,1,1002,000
DynamicArrayQueue,size,10000,1,0,000
DynamicArrayQueue,isEmpty,10000,1,0,000
DynamicArrayQueue,delete,10000,1,542480,900
DynamicArrayQueue,dequeue,10000,1,1000,600
SinglyLinkedList,pushFront,10000,2,0,000
SinglyLinkedList,topFront,10000,2,0,000
SinglyLinkedList,topBack,10000,2,276497,900
SinglyLinkedList,getSize,10000,2,0,000
SinglyLinkedList,isEmpty,10000,2,0,000
SinglyLinkedList,pushBack,10000,2,156803,400
SinglyLinkedList,addAfter,10000,2,160394,200
SinglyLinkedList,addBefore,10000,2,336528,800
SinglyLinkedList,find,10000,2,235059,400
SinglyLinkedList,erase,10000,2,284053,700
SinglyLinkedList,popFront,10000,2,0,000
SinglyLinkedList,popBack,10000,2,568778,100
SinglyLinkedListWithTail,pushFront,10000,2,0,000
SinglyLinkedListWithTail,topFront,10000,2,0,000
SinglyLinkedListWithTail,topBack,10000,2,0,000
SinglyLinkedListWithTail,getSize,10000,2,0,000
SinglyLinkedListWithTail,isEmpty,10000,2,0,000
SinglyLinkedListWithTail,pushBack,10000,2,0,000
SinglyLinkedListWithTail,addAfter,10000,2,159503,400
SinglyLinkedListWithTail,addBefore,10000,2,331570,100
SinglyLinkedListWithTail,find,10000,2,237884,600
SinglyLinkedListWithTail,erase,10000,2,280639,800
SinglyLinkedListWithTail,popFront,10000,2,1000,100
SinglyLinkedListWithTail,popBack,10000,2,590402,200
DoublyLinkedList,pushFront,10000,2,0,000
DoublyLinkedList,topFront,10000,2,0,000
DoublyLinkedList,topBack,10000,2,293426,400
DoublyLinkedList,getSize,10000,2,0,000
DoublyLinkedList,isEmpty,10000,2,1001,800
DoublyLinkedList,pushBack,10000,2,155567,800
DoublyLinkedList,addAfter,10000,2,159537,400
DoublyLinkedList,addBefore,10000,2,324014,000
DoublyLinkedList,find,10000,2,250939,800
DoublyLinkedList,erase,10000,2,294909,600
DoublyLinkedList,popFront,10000,2,0,000
DoublyLinkedList,popBack,10000,2,539591,400
DoublyLinkedListWithTail,pushFront,10000,2,997,900
DoublyLinkedListWithTail,topFront,10000,2,0,000
DoublyLinkedListWithTail,topBack,10000,2,0,000
DoublyLinkedListWithTail,getSize,10000,2,0,000
DoublyLinkedListWithTail,isEmpty,10000,2,0,000
DoublyLinkedListWithTail,pushBack,10000,2,0,000
DoublyLinkedListWithTail,addAfter,10000,2,160033,500
DoublyLinkedListWithTail,addBefore,10000,2,321948,100
DoublyLinkedListWithTail,find,10000,2,234395,200
DoublyLinkedListWithTail,erase,10000,2,273550,700
DoublyLinkedListWithTail,popFront,10000,2,0,000
DoublyLinkedListWithTail,popBack,10000,2,0,000
ArrayStack,push,10000,2,0,000
ArrayStack,peek,10000,2,0,000
ArrayStack,size,10000,2,1002,600
ArrayStack,isEmpty,10000,2,0,000
ArrayStack,delete,10000,2,91637,800
ArrayStack,pop,10000,2,0,000
DynamicArrayQueue,enqueue,10000,2,0,000
DynamicArrayQueue,front,10000,2,0,000
DynamicArrayQueue,size,10000,2,0,000
DynamicArrayQueue,isEmpty,10000,2,0,000
DynamicArrayQueue,delete,10000,2,429140,800
DynamicArrayQueue,dequeue,10000,2,0,000
SinglyLinkedList,pushFront,10000,3,0,000
SinglyLinkedList,topFront,10000,3,0,000
SinglyLinkedList,topBack,10000,3,280032,000
SinglyLinkedList,getSize,10000,3,0,000
SinglyLinkedList,isEmpty,10000,3,0,000
SinglyLinkedList,pushBack,10000,3,154151,200
SinglyLinkedList,addAfter,10000,3,167226,400
SinglyLinkedList,addBefore,10000,3,335389,600
SinglyLinkedList,find,10000,3,233241,900
SinglyLinkedList,erase,10000,3,292730,500
SinglyLinkedList,popFront,10000,3,0,000
SinglyLinkedList,popBack,10000,3,708165,700
SinglyLinkedListWithTail,pushFront,10000,3,999,900
SinglyLinkedListWithTail,topFront,10000,3,0,000
SinglyLinkedListWithTail,topBack,10000,3,0,000
SinglyLinkedListWithTail,getSize,10000,3,0,000
SinglyLinkedListWithTail,isEmpty,10000,3,0,000
SinglyLinkedListWithTail,pushBack,10000,3,0,000
SinglyLinkedListWithTail,addAfter,10000,3,160086,900
SinglyLinkedListWithTail,addBefore,10000,3,344079,200
SinglyLinkedListWithTail,find,10000,3,242704,900
SinglyLinkedListWithTail,erase,10000,3,291438,200
SinglyLinkedListWithTail,popFront,10000,3,0,000
SinglyLinkedListWithTail,popBack,10000,3,805585,500
DoublyLinkedList,pushFront,10000,3,999,900
DoublyLinkedList,topFront,10000,3,0,000
DoublyLinkedList,topBack,10000,3,278042,800
DoublyLinkedList,getSize,10000,3,0,000
DoublyLinkedList,isEmpty,10000,3,0,000
DoublyLinkedList,pushBack,10000,3,156276,300
DoublyLinkedList,addAfter,10000,3,159761,500
DoublyLinkedList,addBefore,10000,3,326935,500
DoublyLinkedList,find,10000,3,237885,500
DoublyLinkedList,erase,10000,3,283292,200
DoublyLinkedList,popFront,10000,3,0,000
DoublyLinkedList,popBack,10000,3,549811,800
DoublyLinkedListWithTail,pushFront,10000,3,0,000
DoublyLinkedListWithTail,topFront,10000,3,0,000
DoublyLinkedListWithTail,topBack,10000,3,0,000
DoublyLinkedListWithTail,getSize,10000,3,0,000
DoublyLinkedListWithTail,isEmpty,10000,3,976,200
DoublyLinkedListWithTail,pushBack,10000,3,0,000
DoublyLinkedListWithTail,addAfter,10000,3,159863,500
DoublyLinkedListWithTail,addBefore,10000,3,320956,600
DoublyLinkedListWithTail,find,10000,3,240891,100
DoublyLinkedListWithTail,erase,10000,3,279844,700
DoublyLinkedListWithTail,popFront,10000,3,0,000
DoublyLinkedListWithTail,popBack,10000,3,0,000
ArrayStack,push,10000,3,0,000
ArrayStack,peek,10000,3,977,700
ArrayStack,size,10000,3,0,000
ArrayStack,isEmpty,10000,3,0,000
ArrayStack,delete,10000,3,82820,300
ArrayStack,pop,10000,3,0,000
DynamicArrayQueue,enqueue,10000,3,1000,200
DynamicArrayQueue,front,10000,3,0,000
DynamicArrayQueue,size,10000,3,0,000
DynamicArrayQueue,isEmpty,10000,3,0,000
DynamicArrayQueue,delete,10000,3,445371,100
DynamicArrayQueue,dequeue,10000,3,1002,300
SinglyLinkedList,pushFront,10000,4,0,000
SinglyLinkedList,topFront,10000,4,1001,300
SinglyLinkedList,topBack,10000,4,290599,200
SinglyLinkedList,getSize,10000,4,0,000
SinglyLinkedList,isEmpty,10000,4,0,000
SinglyLinkedList,pushBack,10000,4,158092,000
SinglyLinkedList,addAfter,10000,4,156897,900
SinglyLinkedList,addBefore,10000,4,339591,200
SinglyLinkedList,find,10000,4,237362,500
SinglyLinkedList,erase,10000,4,285466,800
SinglyLinkedList,popFront,10000,4,0,000
SinglyLinkedList,popBack,10000,4,559819,700
SinglyLinkedListWithTail,pushFront,10000,4,0,000
SinglyLinkedListWithTail,topFront,10000,4,0,000
SinglyLinkedListWithTail,topBack,10000,4,0,000
SinglyLinkedListWithTail,getSize,10000,4,0,000
SinglyLinkedListWithTail,isEmpty,10000,4,0,000
SinglyLinkedListWithTail,pushBack,10000,4,0,000
SinglyLinkedListWithTail,addAfter,10000,4,158578,400
SinglyLinkedListWithTail,addBefore,10000,4,331799,700
SinglyLinkedListWithTail,find,10000,4,235378,900
SinglyLinkedListWithTail,erase,10000,4,279546,500
SinglyLinkedListWithTail,popFront,10000,4,999,600
SinglyLinkedListWithTail,popBack,10000,4,537041,300
DoublyLinkedList,pushFront,10000,4,1000,000
DoublyLinkedList,topFront,10000,4,0,000
DoublyLinkedList,topBack,10000,4,281042,700
DoublyLinkedList,getSize,10000,4,0,000
DoublyLinkedList,isEmpty,10000,4,0,000
DoublyLinkedList,pushBack,10000,4,162429,400
DoublyLinkedList,addAfter,10000,4,160726,800
DoublyLinkedList,addBefore,10000,4,323617,600
DoublyLinkedList,find,10000,4,240098,300
DoublyLinkedList,erase,10000,4,284350,300
DoublyLinkedList,popFront,10000,4,0,000
DoublyLinkedList,popBack,10000,4,594857,500
DoublyLinkedListWithTail,pushFront,10000,4,0,000
DoublyLinkedListWithTail,topFront,10000,4,0,000
DoublyLinkedListWithTail,topBack,10000,4,0,000
DoublyLinkedListWithTail,getSize,10000,4,0,000
DoublyLinkedListWithTail,isEmpty,10000,4,0,000
DoublyLinkedListWithTail,pushBack,10000,4,0,000
DoublyLinkedListWithTail,addAfter,10000,4,157153,100
DoublyLinkedListWithTail,addBefore,10000,4,324223,000
DoublyLinkedListWithTail,find,10000,4,235715,500
DoublyLinkedListWithTail,erase,10000,4,274337,700
DoublyLinkedListWithTail,popFront,10000,4,0,000
DoublyLinkedListWithTail,popBack,10000,4,0,000
ArrayStack,push,10000,4,1000,200
ArrayStack,peek,10000,4,0,000
ArrayStack,size,10000,4,0,000
ArrayStack,isEmpty,10000,4,0,000
ArrayStack,delete,10000,4,81132,900
ArrayStack,pop,10000,4,0,000
DynamicArrayQueue,enqueue,10000,4,0,000
DynamicArrayQueue,front,10000,4,0,000
DynamicArrayQueue,size,10000,4,0,000
DynamicArrayQueue,isEmpty,10000,4,0,000
DynamicArrayQueue,delete,10000,4,440392,900
DynamicArrayQueue,dequeue,10000,4,0,000
SinglyLinkedList,pushFront,10000,5,0,000
SinglyLinkedList,topFront,10000,5,0,000
SinglyLinkedList,topBack,10000,5,278700,900
SinglyLinkedList,getSize,10000,5,999,800
SinglyLinkedList,isEmpty,10000,5,0,000
SinglyLinkedList,pushBack,10000,5,156811,800
SinglyLinkedList,addAfter,10000,5,157496,300
SinglyLinkedList,addBefore,10000,5,335741,900
SinglyLinkedList,find,10000,5,238723,300
SinglyLinkedList,erase,10000,5,282232,300
SinglyLinkedList,popFront,10000,5,0,000
SinglyLinkedList,popBack,10000,5,660483,800
SinglyLinkedListWithTail,pushFront,10000,5,0,000
SinglyLinkedListWithTail,topFront,10000,5,0,000
SinglyLinkedListWithTail,topBack,10000,5,0,000
SinglyLinkedListWithTail,getSize,10000,5,0,000
SinglyLinkedListWithTail,isEmpty,10000,5,0,000
SinglyLinkedListWithTail,pushBack,10000,5,0,000
SinglyLinkedListWithTail,addAfter,10000,5,159915,200
SinglyLinkedListWithTail,addBefore,10000,5,333616,600
SinglyLinkedListWithTail,find,10000,5,238444,500
SinglyLinkedListWithTail,erase,10000,5,285411,800
SinglyLinkedListWithTail,popFront,10000,5,0,000
SinglyLinkedListWithTail,popBack,10000,5,555542,600
DoublyLinkedList,pushFront,10000,5,1000,100
DoublyLinkedList,topFront,10000,5,0,000
DoublyLinkedList,topBack,10000,5,286531,200
DoublyLinkedList,getSize,10000,5,0,000
DoublyLinkedList,isEmpty,10000,5,0,000
DoublyLinkedList,pushBack,10000,5,158352,000
DoublyLinkedList,addAfter,10000,5,160219,700
DoublyLinkedList,addBefore,10000,5,324255,200
DoublyLinkedList,find,10000,5,235694,300
DoublyLinkedList,erase,10000,5,275642,400
DoublyLinkedList,popFront,10000,5,0,000
DoublyLinkedList,popBack,10000,5,552886,300
DoublyLinkedListWithTail,pushFront,10000,5,0,000
DoublyLinkedListWithTail,topFront,10000,5,999,800
DoublyLinkedListWithTail,topBack,10000,5,0,000
DoublyLinkedListWithTail,getSize,10000,5,0,000
DoublyLinkedListWithTail,isEmpty,10000,5,0,000
DoublyLinkedListWithTail,pushBack,10000,5,0,000
DoublyLinkedListWithTail,addAfter,10000,5,165658,800
DoublyLinkedListWithTail,addBefore,10000,5,323246,300
DoublyLinkedListWithTail,find,10000,5,238361,300
DoublyLinkedListWithTail,erase,10000,5,272491,300
DoublyLinkedListWithTail,popFront,10000,5,1000,100
DoublyLinkedListWithTail,popBack,10000,5,0,000
ArrayStack,push,10000,5,0,000
ArrayStack,peek,10000,5,0,000
ArrayStack,size,10000,5,0,000
ArrayStack,isEmpty,10000,5,0,000
ArrayStack,delete,10000,5,80802,100
ArrayStack,pop,10000,5,0,000
DynamicArrayQueue,enqueue,10000,5,999,900
DynamicArrayQueue,front,10000,5,0,000
DynamicArrayQueue,size,10000,5,0,000
DynamicArrayQueue,isEmpty,10000,5,0,000
DynamicArrayQueue,delete,10000,5,435979,500
DynamicArrayQueue,dequeue,10000,5,0,000
SinglyLinkedList,pushFront,100000,1,14182,600
SinglyLinkedList,topFront,100000,1,999,800
SinglyLinkedList,topBack,100000,1,29012950,900
SinglyLinkedList,getSize,100000,1,0,000
SinglyLinkedList,isEmpty,100000,1,1002,700
SinglyLinkedList,pushBack,100000,1,15741677,200
SinglyLinkedList,addAfter,100000,1,16156849,300
SinglyLinkedList,addBefore,100000,1,32997965,100
SinglyLinkedList,find,100000,1,24159576,800
SinglyLinkedList,erase,100000,1,30164749,900
SinglyLinkedList,popFront,100000,1,1006,000
SinglyLinkedList,popBack,100000,1,64518561,900
SinglyLinkedListWithTail,pushFront,100000,1,1000,200
SinglyLinkedListWithTail,topFront,100000,1,999,300
SinglyLinkedListWithTail,topBack,100000,1,997,700
SinglyLinkedListWithTail,getSize,100000,1,999,400
SinglyLinkedListWithTail,isEmpty,100000,1,0,000
SinglyLinkedListWithTail,pushBack,100000,1,3002,600
SinglyLinkedListWithTail,addAfter,100000,1,16116556,400
SinglyLinkedListWithTail,addBefore,100000,1,32955381,000
SinglyLinkedListWithTail,find,100000,1,24412250,000
SinglyLinkedListWithTail,erase,100000,1,28885825,800
SinglyLinkedListWithTail,popFront,100000,1,2003,300
SinglyLinkedListWithTail,popBack,100000,1,56162058,600
DoublyLinkedList,pushFront,100000,1,3996,200
DoublyLinkedList,topFront,100000,1,1007,100
DoublyLinkedList,topBack,100000,1,27964097,800
DoublyLinkedList,getSize,100000,1,0,000
DoublyLinkedList,isEmpty,100000,1,0,000
DoublyLinkedList,pushBack,100000,1,15574385,300
DoublyLinkedList,addAfter,100000,1,16414976,100
DoublyLinkedList,addBefore,100000,1,32700011,600
DoublyLinkedList,find,100000,1,25105292,300
DoublyLinkedList,erase,100000,1,50545337,100
DoublyLinkedList,popFront,100000,1,1483,800
DoublyLinkedList,popBack,100000,1,63294148,300
DoublyLinkedListWithTail,pushFront,100000,1,1998,300
DoublyLinkedListWithTail,topFront,100000,1,1001,600
DoublyLinkedListWithTail,topBack,100000,1,1000,700
DoublyLinkedListWithTail,getSize,100000,1,999,500
DoublyLinkedListWithTail,isEmpty,100000,1,0,000
DoublyLinkedListWithTail,pushBack,100000,1,2998,900
DoublyLinkedListWithTail,addAfter,100000,1,16514603,300
DoublyLinkedListWithTail,addBefore,100000,1,33468350,000
DoublyLinkedListWithTail,find,100000,1,24145492,500
DoublyLinkedListWithTail,erase,100000,1,26505083,100
DoublyLinkedListWithTail,popFront,100000,1,997,900
DoublyLinkedListWithTail,popBack,100000,1,998,500
ArrayStack,push,100000,1,1998,800
ArrayStack,peek,100000,1,0,000
ArrayStack,size,100000,1,1012,300
ArrayStack,isEmpty,100000,1,1006,200
ArrayStack,delete,100000,1,9054611,300
ArrayStack,pop,100000,1,995,700
DynamicArrayQueue,enqueue,100000,1,2999,900
DynamicArrayQueue,front,100000,1,0,000
DynamicArrayQueue,size,100000,1,997,800
DynamicArrayQueue,isEmpty,100000,1,999,000
DynamicArrayQueue,delete,100000,1,39372844,400
DynamicArrayQueue,dequeue,100000,1,1000,100
SinglyLinkedList,pushFront,100000,2,1000,000
SinglyLinkedList,topFront,100000,2,999,900
SinglyLinkedList,topBack,100000,2,26104995,800
SinglyLinkedList,getSize,100000,2,1006,500
SinglyLinkedList,isEmpty,100000,2,996,500
SinglyLinkedList,pushBack,100000,2,14810490,700
SinglyLinkedList,addAfter,100000,2,15204336,400
SinglyLinkedList,addBefore,100000,2,30969969,400
SinglyLinkedList,find,100000,2,22651201,600
SinglyLinkedList,erase,100000,2,26473885,300
SinglyLinkedList,popFront,100000,2,999,500
SinglyLinkedList,popBack,100000,2,55870316,300
SinglyLinkedListWithTail,pushFront,100000,2,0,000
SinglyLinkedListWithTail,topFront,100000,2,1580,600
SinglyLinkedListWithTail,topBack,100000,2,1013,100
SinglyLinkedListWithTail,getSize,100000,2,0,000
SinglyLinkedListWithTail,isEmpty,100000,2,998,000
SinglyLinkedListWithTail,pushBack,100000,2,2001,600
SinglyLinkedListWithTail,addAfter,100000,2,15050556,800
SinglyLinkedListWithTail,addBefore,100000,2,30894514,500
SinglyLinkedListWithTail,find,100000,2,22187340,900
SinglyLinkedListWithTail,erase,100000,2,26128038,900
SinglyLinkedListWithTail,popFront,100000,2,998,900
SinglyLinkedListWithTail,popBack,100000,2,53940521,200
DoublyLinkedList,pushFront,100000,2,998,700
DoublyLinkedList,topFront,100000,2,998,200
DoublyLinkedList,topBack,100000,2,25970285,400
DoublyLinkedList,getSize,100000,2,999,900
DoublyLinkedList,isEmpty,100000,2,1000,000
DoublyLinkedList,pushBack,100000,2,14631171,000
DoublyLinkedList,addAfter,100000,2,15890424,000
DoublyLinkedList,addBefore,100000,2,27057652,200
DoublyLinkedList,find,100000,2,22964515,100
DoublyLinkedList,erase,100000,2,27485788,700
DoublyLinkedList,popFront,100000,2,1998,700
DoublyLinkedList,popBack,100000,2,59651599,300
DoublyLinkedListWithTail,pushFront,100000,2,1999,800
DoublyLinkedListWithTail,topFront,100000,2,0,000
DoublyLinkedListWithTail,topBack,100000,2,0,000
DoublyLinkedListWithTail,getSize,100000,2,999,100
DoublyLinkedListWithTail,isEmpty,100000,2,999,700
DoublyLinkedListWithTail,pushBack,100000,2,2001,000
DoublyLinkedListWithTail,addAfter,100000,2,15038908,800
DoublyLinkedListWithTail,addBefore,100000,2,30116055,700
DoublyLinkedListWithTail,find,100000,2,20946928,600
DoublyLinkedListWithTail,erase,100000,2,26320561,500
DoublyLinkedListWithTail,popFront,100000,2,999,900
DoublyLinkedListWithTail,popBack,100000,2,1000,000
ArrayStack,push,100000,2,2005,600
ArrayStack,peek,100000,2,994,800
ArrayStack,size,100000,2,0,000
ArrayStack,isEmpty,100000,2,999,800
ArrayStack,delete,100000,2,8257108,400
ArrayStack,pop,100000,2,999,700
DynamicArrayQueue,enqueue,100000,2,2000,900
DynamicArrayQueue,front,100000,2,999,500
DynamicArrayQueue,size,100000,2,999,500
DynamicArrayQueue,isEmpty,100000,2,0,000
DynamicArrayQueue,delete,100000,2,39319119,100
DynamicArrayQueue,dequeue,100000,2,1000,600
SinglyLinkedList,pushFront,100000,3,999,300
SinglyLinkedList,topFront,100000,3,1000,400
SinglyLinkedList,topBack,100000,3,26030569,500
SinglyLinkedList,getSize,100000,3,0,000
SinglyLinkedList,isEmpty,100000,3,999,000
SinglyLinkedList,pushBack,100000,3,14698022,500
SinglyLinkedList,addAfter,100000,3,15049372,900
SinglyLinkedList,addBefore,100000,3,30774368,800
SinglyLinkedList,find,100000,3,22310957,300
SinglyLinkedList,erase,100000,3,26781293,400
SinglyLinkedList,popFront,100000,3,1999,000
SinglyLinkedList,popBack,100000,3,59467909,500
SinglyLinkedListWithTail,pushFront,100000,3,1999,900
SinglyLinkedListWithTail,topFront,100000,3,0,000
SinglyLinkedListWithTail,topBack,100000,3,1000,200
SinglyLinkedListWithTail,getSize,100000,3,1000,700
SinglyLinkedListWithTail,isEmpty,100000,3,1005,500
SinglyLinkedListWithTail,pushBack,100000,3,994,100
SinglyLinkedListWithTail,addAfter,100000,3,15034364,700
SinglyLinkedListWithTail,addBefore,100000,3,31519075,100
SinglyLinkedListWithTail,find,100000,3,261532425,300
SinglyLinkedListWithTail,erase,100000,3,26511828,300
SinglyLinkedListWithTail,popFront,100000,3,0,000
SinglyLinkedListWithTail,popBack,100000,3,55260079,100
DoublyLinkedList,pushFront,100000,3,1528,600
DoublyLinkedList,topFront,100000,3,1008,800
DoublyLinkedList,topBack,100000,3,26094082,600
DoublyLinkedList,getSize,100000,3,0,000
DoublyLinkedList,isEmpty,100000,3,999,700
DoublyLinkedList,pushBack,100000,3,14712473,800
DoublyLinkedList,addAfter,100000,3,13978116,200
DoublyLinkedList,addBefore,100000,3,30619096,100
DoublyLinkedList,find,100000,3,22325364,500
DoublyLinkedList,erase,100000,3,26209718,600
DoublyLinkedList,popFront,100000,3,999,400
DoublyLinkedList,popBack,100000,3,57357791,100
DoublyLinkedListWithTail,pushFront,100000,3,1997,800
DoublyLinkedListWithTail,topFront,100000,3,0,000
DoublyLinkedListWithTail,topBack,100000,3,998,700
DoublyLinkedListWithTail,getSize,100000,3,999,300
DoublyLinkedListWithTail,isEmpty,100000,3,1002,800
DoublyLinkedListWithTail,pushBack,100000,3,1000,000
DoublyLinkedListWithTail,addAfter,100000,3,16120088,000
DoublyLinkedListWithTail,addBefore,100000,3,31515738,700
DoublyLinkedListWithTail,find,100000,3,23409161,800
DoublyLinkedListWithTail,erase,100000,3,29444903,700
DoublyLinkedListWithTail,popFront,100000,3,1998,300
DoublyLinkedListWithTail,popBack,100000,3,1000,700
ArrayStack,push,100000,3,1999,500
ArrayStack,peek,100000,3,0,000
ArrayStack,size,100000,3,0,000
ArrayStack,isEmpty,100000,3,999,100
ArrayStack,delete,100000,3,8111853,800
ArrayStack,pop,100000,3,999,600
DynamicArrayQueue,enqueue,100000,3,2000,000
DynamicArrayQueue,front,100000,3,0,000
DynamicArrayQueue,size,100000,3,1000,200
DynamicArrayQueue,isEmpty,100000,3,999,700
DynamicArrayQueue,delete,100000,3,39302957,700
DynamicArrayQueue,dequeue,100000,3,0,000
SinglyLinkedList,pushFront,100000,4,999,700
SinglyLinkedList,topFront,100000,4,0,000
SinglyLinkedList,topBack,100000,4,26060984,800
SinglyLinkedList,getSize,100000,4,1000,500
SinglyLinkedList,isEmpty,100000,4,0,000
SinglyLinkedList,pushBack,100000,4,14658692,800
SinglyLinkedList,addAfter,100000,4,15284300,600
SinglyLinkedList,addBefore,100000,4,31231387,500
SinglyLinkedList,find,100000,4,22261991,100
SinglyLinkedList,erase,100000,4,26634485,100
SinglyLinkedList,popFront,100000,4,999,900
SinglyLinkedList,popBack,100000,4,56867414,800
SinglyLinkedListWithTail,pushFront,100000,4,2000,300
SinglyLinkedListWithTail,topFront,100000,4,0,000
SinglyLinkedListWithTail,topBack,100000,4,1000,400
SinglyLinkedListWithTail,getSize,100000,4,0,000
SinglyLinkedListWithTail,isEmpty,100000,4,1509,000
SinglyLinkedListWithTail,pushBack,100000,4,2010,600
SinglyLinkedListWithTail,addAfter,100000,4,15238839,200
SinglyLinkedListWithTail,addBefore,100000,4,31312321,000
SinglyLinkedListWithTail,find,100000,4,23201021,700
SinglyLinkedListWithTail,erase,100000,4,3207981153,600
SinglyLinkedListWithTail,popFront,100000,4,0,000
SinglyLinkedListWithTail,popBack,100000,4,66576728,100
DoublyLinkedList,pushFront,100000,4,999,900
DoublyLinkedList,topFront,100000,4,1000,000
DoublyLinkedList,topBack,100000,4,26403309,000
DoublyLinkedList,getSize,100000,4,995,800
DoublyLinkedList,isEmpty,100000,4,0,000
DoublyLinkedList,pushBack,100000,4,14804306,200
DoublyLinkedList,addAfter,100000,4,15271017,700
DoublyLinkedList,addBefore,100000,4,30539454,000
DoublyLinkedList,find,100000,4,22225070,700
DoublyLinkedList,erase,100000,4,26087268,900
DoublyLinkedList,popFront,100000,4,998,900
DoublyLinkedList,popBack,100000,4,58303611,600
DoublyLinkedListWithTail,pushFront,100000,4,1000,300
DoublyLinkedListWithTail,topFront,100000,4,999,200
DoublyLinkedListWithTail,topBack,100000,4,998,800
DoublyLinkedListWithTail,getSize,100000,4,1003,500
DoublyLinkedListWithTail,isEmpty,100000,4,996,700
DoublyLinkedListWithTail,pushBack,100000,4,1001,100
DoublyLinkedListWithTail,addAfter,100000,4,15033906,500
DoublyLinkedListWithTail,addBefore,100000,4,29803360,100
DoublyLinkedListWithTail,find,100000,4,23155308,900
DoublyLinkedListWithTail,erase,100000,4,28173665,100
DoublyLinkedListWithTail,popFront,100000,4,999,600
DoublyLinkedListWithTail,popBack,100000,4,0,000
ArrayStack,push,100000,4,1993,800
ArrayStack,peek,100000,4,1002,800
ArrayStack,size,100000,4,1003,500
ArrayStack,isEmpty,100000,4,1000,900
ArrayStack,delete,100000,4,9114992,600
ArrayStack,pop,100000,4,2002,600
DynamicArrayQueue,enqueue,100000,4,3997,700
DynamicArrayQueue,front,100000,4,999,400
DynamicArrayQueue,size,100000,4,1000,100
DynamicArrayQueue,isEmpty,100000,4,1005,200
DynamicArrayQueue,delete,100000,4,45568026,500
DynamicArrayQueue,dequeue,100000,4,1008,400
SinglyLinkedList,pushFront,100000,5,1991,600
SinglyLinkedList,topFront,100000,5,0,000
SinglyLinkedList,topBack,100000,5,27020485,200
SinglyLinkedList,getSize,100000,5,1000,100
SinglyLinkedList,isEmpty,100000,5,0,000
SinglyLinkedList,pushBack,100000,5,14993537,300
SinglyLinkedList,addAfter,100000,5,15618110,400
SinglyLinkedList,addBefore,100000,5,32175766,100
SinglyLinkedList,find,100000,5,22996905,200
SinglyLinkedList,erase,100000,5,27600007,500
SinglyLinkedList,popFront,100000,5,1998,900
SinglyLinkedList,popBack,100000,5,64193575,800
SinglyLinkedListWithTail,pushFront,100000,5,1001,300
SinglyLinkedListWithTail,topFront,100000,5,1005,400
SinglyLinkedListWithTail,topBack,100000,5,990,200
SinglyLinkedListWithTail,getSize,100000,5,0,000
SinglyLinkedListWithTail,isEmpty,100000,5,0,000
SinglyLinkedListWithTail,pushBack,100000,5,1513,700
SinglyLinkedListWithTail,addAfter,100000,5,15465135,300
SinglyLinkedListWithTail,addBefore,100000,5,32296848,400
SinglyLinkedListWithTail,find,100000,5,23240999,400
SinglyLinkedListWithTail,erase,100000,5,30227681,000
SinglyLinkedListWithTail,popFront,100000,5,1003,000
SinglyLinkedListWithTail,popBack,100000,5,56968525,400
DoublyLinkedList,pushFront,100000,5,999,400
DoublyLinkedList,topFront,100000,5,998,800
DoublyLinkedList,topBack,100000,5,26156084,800
DoublyLinkedList,getSize,100000,5,1001,100
DoublyLinkedList,isEmpty,100000,5,998,500
DoublyLinkedList,pushBack,100000,5,14889386,700
DoublyLinkedList,addAfter,100000,5,15330009,700
DoublyLinkedList,addBefore,100000,5,30533856,200
DoublyLinkedList,find,100000,5,22321166,200
DoublyLinkedList,erase,100000,5,26203232,400
DoublyLinkedList,popFront,100000,5,1999,200
DoublyLinkedList,popBack,100000,5,65673636,200
DoublyLinkedListWithTail,pushFront,100000,5,2063,600
DoublyLinkedListWithTail,topFront,100000,5,0,000
DoublyLinkedListWithTail,topBack,100000,5,999,300
DoublyLinkedListWithTail,getSize,100000,5,1000,700
Doubly